content_id,title,genre,release_year,duration_mins
C001,Future-proofed fresh-thinking application,Comedy,2015,90
C002,Customer-focused leadingedge challenge,Documentary,2018,55
C003,Decentralized bifurcated challenge,Comedy,2023,42
C004,Configurable real-time artificial intelligence,Sci-Fi,2015,27
C005,Balanced multi-tasking moderator,Comedy,2018,79
C006,Face-to-face fault-tolerant flexibility,Drama,2023,70
C007,Devolved context-sensitive secured line,Sci-Fi,2018,134
C008,Decentralized content-based structure,Thriller,2015,60
C009,Stand-alone systemic instruction set,Sci-Fi,2020,91
C010,Cloned bottom-line archive,Action,2018,106
C011,Fully-configurable well-modulated synergy,Comedy,2016,117
C012,Synchronized secondary implementation,Comedy,2020,108
C013,Secured mission-critical utilization,Thriller,2015,137
C014,Stand-alone static circuit,Comedy,2021,40
C015,Secured bottom-line info-mediaries,Thriller,2024,112
C016,Fully-configurable 5thgeneration database,Documentary,2016,31
C017,Cloned zero-defect project,Documentary,2019,40
C018,Proactive holistic leverage,Documentary,2016,117
C019,Realigned demand-driven strategy,Thriller,2022,113
C020,Polarized web-enabled extranet,Action,2020,110
C021,Progressive asynchronous secured line,Documentary,2019,38
C022,Cloned local product,Action,2023,82
C023,Multi-channeled 3rdgeneration customer loyalty,Action,2022,117
C024,Organic modular flexibility,Thriller,2023,76
C025,Cross-platform executive time-frame,Romance,2015,78
C026,Operative 6thgeneration hierarchy,Drama,2020,122
C027,Switchable transitional protocol,Thriller,2016,74
C028,Balanced user-facing firmware,Romance,2018,147
C029,Secured responsive budgetary management,Sci-Fi,2022,56
C030,Implemented encompassing secured line,Thriller,2017,83
C031,Streamlined high-level firmware,Thriller,2024,129
C032,Team-oriented empowering Graphic Interface,Sci-Fi,2020,76
C033,Object-based tangible paradigm,Action,2023,146
C034,Robust composite projection,Comedy,2015,48
C035,Intuitive fault-tolerant ability,Action,2017,128
C036,Re-engineered asymmetric architecture,Comedy,2021,117
C037,Cross-group bottom-line benchmark,Horror,2023,84
C038,Customer-focused neutral frame,Drama,2016,88
C039,Face-to-face fresh-thinking policy,Romance,2016,95
C040,Optional optimal website,Sci-Fi,2017,136
C041,Organic cohesive infrastructure,Drama,2019,148
C042,De-engineered multimedia infrastructure,Action,2023,47
C043,Down-sized content-based installation,Thriller,2023,70
C044,Customer-focused asynchronous infrastructure,Action,2020,61
C045,Persistent asynchronous analyzer,Drama,2024,102
C046,Synergistic dedicated leverage,Horror,2015,48
C047,Implemented demand-driven budgetary management,Romance,2019,81
C048,Open-source static website,Drama,2018,40
C049,Integrated needs-based Local Area Network,Comedy,2022,37
C050,Re-engineered regional neural-net,Action,2017,141
